filename,house,person,tree
8818_png.rf.24f1b39f3154c52db56da439fdd115fb.jpg,1,0,0
8843_png.rf.467893910cecf18f822b770c99ee8570.jpg,1,0,0
12092_png.rf.1db4405ebd7376ea267de6b8b89c9871.jpg,0,1,0
8858_png.rf.9c9abf2fb25b2118a0b635febc9bfe57.jpg,1,0,0
12233_png.rf.90136be5b53a833c520465c7b3b5e31c.jpg,0,1,0
12102_png.rf.683b40d8877cbd86031b864bcd2cceb2.jpg,0,1,0
12085_png.rf.56668ce75d4ee3addebf4add7cb28959.jpg,0,1,0
htp_page-0037_jpg.rf.6256ef3cfc1b5eb03e23cf1e7b6fc699.jpg,1,1,1
8862_png.rf.7d005ba35e0f5bda2f077873d76f5172.jpg,1,0,0
18580_png.rf.559461abd0f17a79b94ccaf6478e8b62.jpg,0,0,1
12157_png.rf.12885a0f7ff0abcaa075f493ade74391.jpg,0,1,0
18607_png.rf.f0f6d50f095163cfb56d1b73da062e04.jpg,0,0,1
12082_png.rf.380e133e6f2e97ff9f702f87140884d2.jpg,0,1,0
12088_png.rf.21a8209f3af937cc8de619fe02af46a4.jpg,0,1,0
8856_png.rf.9d7d730dc509fc83f9264a05e66f8558.jpg,1,0,0
12238_png.rf.a2d3faa0f9af3966185878f1f883a002.jpg,0,1,0
8813_png.rf.1ed546fefc95bcc95fe6655bf3c7faeb.jpg,1,0,0
12205_png.rf.9b1dfe3e3466e104e0fcf1b00ddda63e.jpg,0,1,0
8854_png.rf.a3b402091135f13e5b22f5aec4d8cdb6.jpg,1,0,0
8812_png.rf.8fa2413ff64574ef61fabc827e27e0d2.jpg,1,0,0
18576_png.rf.d9d39e1c689d11f10047d27feb8f1d26.jpg,0,0,1
12175_png.rf.c97897d719ad32cceb0a59d0c8659e9c.jpg,0,1,0
12183_png.rf.b0632363cda0d6ca836af0577cfe886f.jpg,0,1,0
12237_png.rf.cc298d5f6245a5ae9494f10e0a1b5924.jpg,0,1,0
18640_png.rf.fd43601eb9bc52855fae25d8b705331e.jpg,0,0,1
12187_png.rf.a18c971cbce589081a269cb950bae6ef.jpg,0,1,0
12153_png.rf.a1f2f63e1079cc8d9737e6eb6b6f1645.jpg,0,1,0
8827_png.rf.073a40528390e899205ffe4d7c4c8559.jpg,1,0,0
12234_png.rf.bc353fdc501403b739f8e998f0073bbc.jpg,0,1,0
8821_png.rf.4300749d9e03b6b52cc9f25bc0c94d51.jpg,1,0,0
12181_png.rf.545789f5cf5f00ca09668aa0102aab01.jpg,0,1,0
8863_png.rf.bba123b5d155d090ba4239b9301e3d2d.jpg,1,0,0
8825_png.rf.c3336f1f48ac3b6b8a90142b8b8f914f.jpg,1,0,0
12138_png.rf.ccd3b90c06c13ad6b3d01f663e8d71ec.jpg,0,1,0
12144_png.rf.e88a26a9846faeb8ddf4748722030756.jpg,0,1,0
8823_png.rf.ee399d1afa50ad079a6a5f3f0341ac32.jpg,1,0,0
18602_png.rf.57caa74cb407d3dae25f70411c99cfab.jpg,0,0,1
12124_png.rf.08c9dded530447a36482e0382fc2e9d9.jpg,0,1,0
8836_png.rf.3350ac796c9b794c72de308803d77f5e.jpg,1,0,0
12152_png.rf.203cf856a085a3aed708297e51e1e8ef.jpg,0,1,0
12203_png.rf.1732d587119d7b2ca5329d6d4d5849bf.jpg,0,1,0
18562_png.rf.7c3fc39999dee7e56231700e27c315d6.jpg,0,0,1
18569_png.rf.2255452f50d0967f0fec6c31e3d349ee.jpg,0,0,1
18637_png.rf.8de6a49b2ba1a0844559b136f54482a0.jpg,0,0,1
12167_png.rf.b5f2285e304a714d3e1ef3be8a387dbc.jpg,0,1,0
12198_png.rf.ad54e4c01cb09057f2bb8b466e03c6d2.jpg,0,1,0
8845_png.rf.8e738d760fe18b5d4ba817d982ec795a.jpg,1,0,0
htp_page-0027_jpg.rf.1b9dd69b9160b023696b47ccbe93ec9f.jpg,1,1,1
12159_png.rf.ca696cb8eeb602363b19d0146b760fb5.jpg,0,1,0
18575_png.rf.dce2970a4cbc16ef05aa480ea1481e8d.jpg,0,0,1
18561_png.rf.8c5ce07884454e9cacf05e56c11d0798.jpg,0,0,1
12222_png.rf.22af1ddf90fef45f8521a49eeca03a15.jpg,0,1,0
18570_png.rf.1500754ae66baebbdbe7f0dfa94cc27c.jpg,0,0,1
htp_page-0001_jpg.rf.a19b249de149d3e7832ef55ee032482e.jpg,1,1,1
18573_png.rf.1f504343c42a66f82bdd59c807c47837.jpg,0,0,1
18598_png.rf.a5ec2ace92d659bf6d163c3faac87a6c.jpg,0,0,1
18639_png.rf.599e19432b6f6ef966d30be426d2f015.jpg,0,0,1
12105_png.rf.dea079e2869af692330d4f73e98f7aa6.jpg,0,1,0
12155_png.rf.4b54ccb52ed916f43452635e5de1f211.jpg,0,1,0
htp_page-0011_jpg.rf.47c48178a065f16351e559b27d321fc7.jpg,1,1,1
12182_png.rf.dcb6e2971fda9e47c5f0e0f540b4c112.jpg,0,1,0
8844_png.rf.7c03ba97d5cb2957f6e5329d930b7eff.jpg,1,0,0
12090_png.rf.3d50c01cc9092cedc019af97043fe848.jpg,0,1,0
8864_png.rf.5ddb65a8f049a2f0419464bda0d9b91e.jpg,1,0,0
htp_page-0022_jpg.rf.daff0ea28af2966ba700f8aa61a12a45.jpg,1,1,1
12208_png.rf.a6d6f7c7ff9e62794e8a1c8dbb1b08aa.jpg,0,1,0
12109_png.rf.1e155c56fc2746c5ed25ff098d27b2d7.jpg,0,1,0
18633_png.rf.1129d1870ead053fd4315ef9b2cb4308.jpg,0,0,1
12195_png.rf.83da145cdb4c2825c5d40cbb978545ab.jpg,0,1,0
8851_png.rf.8e552d6261a1bd6f2193838e4bba1728.jpg,1,0,0
12204_png.rf.7a99fd3f7b01780aa0ea6469d97cbfe4.jpg,0,1,0
18586_png.rf.2bcd84c6d4240e16f48464bbadf40238.jpg,0,0,1
htp_page-0006_jpg.rf.b21be4051bf36d6e6fa7b3bcd12a6c01.jpg,1,1,1
12163_png.rf.27e1e7aed1239b471001faa3fe92b986.jpg,0,1,0
12178_png.rf.1ab91edfd1cdae37969b841b3fcdce20.jpg,0,1,0
18619_png.rf.2b6c22422047b0c5ca299021a545b96f.jpg,0,0,1
12168_png.rf.62c649dd690566256e0954324998d884.jpg,0,1,0
12235_png.rf.3297a66e6eee3a7962ea8f173c5e9e0e.jpg,0,1,0
htp_page-0013_jpg.rf.1c6af463990594acfdf3844f1a2bc40a.jpg,1,1,1
18634_png.rf.0b7ff5b0d7e1429cecfd776c57c4d0c5.jpg,0,0,1
12134_png.rf.af2a624e5b131554d9d08624a389106c.jpg,0,1,0
18590_png.rf.42f251cac07cfe50ece82d39620030e3.jpg,0,0,1
18608_png.rf.a27f221f682216fe8d854e3385875e9f.jpg,0,0,1
12216_png.rf.67e23e5a10ba21be8df799292147466b.jpg,0,1,0
12117_png.rf.dc6a86dd8faedadb5e52667ff7fe4ef4.jpg,0,1,0
12184_png.rf.e20332a4a8841f366d1f6d73a236f000.jpg,0,1,0
12110_png.rf.59facad869f282eb1156928d1cfb57bc.jpg,0,1,0
12103_png.rf.6e7db58d5c53a3637daa755b83525ab0.jpg,0,1,0
18585_png.rf.43c9b38a3388707a16d7856655c83e09.jpg,0,0,1
8832_png.rf.da331c0d139fed4ca736cebd926ffd4d.jpg,1,0,0
8814_png.rf.9022f76415966ac80226c073f825fa33.jpg,1,0,0
12098_png.rf.efc207d86b4bcf9ff1ab1c057fb37ce6.jpg,0,1,0
8855_png.rf.8acc94106406ce0b02eb9e009b5edb21.jpg,1,0,0
htp_page-0029_jpg.rf.b8f52330c4992b4eab0a2d2fc125e529.jpg,1,1,1
12126_png.rf.1a066695c1058cf9fa67d2792481206d.jpg,0,1,0
12113_png.rf.d2000493e7345c3c3364ab4bdac37bb9.jpg,0,1,0
12132_png.rf.6f58506e067b27e7595ef8e9658e9be0.jpg,0,1,0
8833_png.rf.bdd60943477f867904d298f6869fc110.jpg,1,0,0
12141_png.rf.606a7529cf023c36ce961a85eb80f2d4.jpg,0,1,0
12193_png.rf.2be9d4e53c8248495afb69e0a4a4dc46.jpg,0,1,0
12170_png.rf.8d79ce5212e16b8a0c4f7ff3a234d05c.jpg,0,1,0
htp_page-0014_jpg.rf.84913181d41a65b359c671555d167771.jpg,1,1,1
8877_png.rf.77d12ddddce6476a08c41b88f523f653.jpg,1,0,0
htp_page-0017_jpg.rf.bc475cca8da1d3b39327fffa088612e6.jpg,1,1,1
8865_png.rf.d3448cc850d3a758628f3364202d34c1.jpg,1,0,0
12232_png.rf.738fbcee430035b455986b815f62d815.jpg,0,1,0
18577_png.rf.73f6f8468138cd05ce6c281be68f220f.jpg,0,0,1
htp_page-0036_jpg.rf.b5ec8c54dccacc0531b64e28d8de8ae7.jpg,1,1,1
htp_page-0030_jpg.rf.0b6a97de0d6f39c54c2c03f1958dd4f3.jpg,1,1,1
18592_png.rf.913b5a9bb137d4580f34cd5a3e68926d.jpg,0,0,1
18636_png.rf.cd0a01b1ad0a458a294d09d2ba8261a5.jpg,0,0,1
12086_png.rf.b6896c6e150a50a10f76213982f225d7.jpg,0,1,0
18581_png.rf.63e52acbc3c9875b9d3052d4f54cbea1.jpg,0,0,1
12104_png.rf.155991860696d977a56d5d4f346055ee.jpg,0,1,0
12177_png.rf.213a9b8564ab0e831c1ad4aa796a3a39.jpg,0,1,0
18593_png.rf.6ac43953185454129c6697f26a5c56f6.jpg,0,0,1
8869_png.rf.365b42787131a7a585256a765ed0088c.jpg,1,0,0
8809_png.rf.fcebd280a45dfb37749fcde8c77356fd.jpg,1,0,0
htp_page-0015_jpg.rf.8f1fdf80700d9701d1a1e7d1c60ff695.jpg,1,1,1
12100_png.rf.1c0257bac3629f05b1d882571ef17179.jpg,0,1,0
htp_page-0050_jpg.rf.165eef0088a4e6722bcd14dce53de8f4.jpg,1,1,1
18567_png.rf.3cb762f02dbb943402e1a6e9cb7af60c.jpg,0,0,1
12156_png.rf.c1fa2d651170c83d8f363f764fedc7f2.jpg,0,1,0
18635_png.rf.4ec12378dd3560d4825558616f7490f2.jpg,0,0,1
8872_png.rf.7074e6235396ae19da7b3143543c1f98.jpg,1,0,0
8802_png.rf.b4abc2d5a77a541b995ccce9f07d5e76.jpg,1,0,0
12226_png.rf.f78f01a7bb997888084010f6df2f7ddd.jpg,0,1,0
12133_png.rf.dea3815e3fff6d53e9e3b4aafd4f21f4.jpg,0,1,0
8852_png.rf.25d00650767610c1613dbd11b6eb84e5.jpg,1,0,0
12120_png.rf.ac7c06fa8887d5e6ee250bddfcdd9cf0.jpg,0,1,0
12172_png.rf.420217c4c565b7e466f553b83cd7875a.jpg,0,1,0
12176_png.rf.41c3ed767f38c18be710e104b4ac179c.jpg,0,1,0
12158_png.rf.a9ff76c067f62a0f0fd1d990c64ffd3a.jpg,0,1,0
12087_png.rf.200400b2041321b59e24685a293ffb79.jpg,0,1,0
12188_png.rf.8c6fd06e6919dac8d9177ee7f0882818.jpg,0,1,0
18605_png.rf.7a24c146ffef45b33b2cbe84d32fd17b.jpg,0,0,1
12197_png.rf.a567f026eafdfa7a9c33f6c2b56c6df5.jpg,0,1,0
htp_page-0019_jpg.rf.6f31db71e898b3e89db676445e303e88.jpg,1,1,1
18564_png.rf.d495b9c13e1cae8f091f4c9b6fe413ea.jpg,0,0,1
htp_page-0007_jpg.rf.37970145caae57e5792c5cfdef7d3f5f.jpg,1,1,1
12201_png.rf.ec7954dd923e37e6ae1d8c7566c26794.jpg,0,1,0
8808_png.rf.30a11f780271abdce917d35c7c1402dd.jpg,1,0,0
18596_png.rf.690833908d5b10e2be0bb73e82e4b216.jpg,0,0,1
htp_page-0041_jpg.rf.12b0aa2c417cc2094184e7f9ca3dcd15.jpg,1,1,1
12121_png.rf.22bb3e731898794ee36015dd29e18d65.jpg,0,1,0
htp_page-0025_jpg.rf.19b29be45406584cb352c7550b048f81.jpg,1,1,1
12115_png.rf.7519d8e0cbad4bf19165e5f1017304d3.jpg,0,1,0
12127_png.rf.5dc42bf5ee4939189a74a54ed79badf5.jpg,0,1,0
htp_page-0026_jpg.rf.d7e51e18a7d333840bc9093c28603977.jpg,1,1,1
18614_png.rf.fb6bc58a5a6ceeca890c1f1c231c9895.jpg,0,0,1
8873_png.rf.bc72d41fd4a6a3e85187fc4c618df309.jpg,1,0,0
htp_page-0039_jpg.rf.3398d525b88da916cfbef203524b1fcd.jpg,1,1,1
8829_png.rf.f9c5d4b5b055139f825ea1f8ded7dced.jpg,1,0,0
htp_page-0002_jpg.rf.5118a6b573c8e22754cb5b6d70b2fd5e.jpg,1,1,1
8806_png.rf.3ed9d9780893c142b93c89155a391b44.jpg,1,0,0
18599_png.rf.2ce4edccfbf1aa0fbf07345be1b364bf.jpg,0,0,1
12219_png.rf.e30d4c610ec093641694d7154e0fc882.jpg,0,1,0
18624_png.rf.4a326df0b759c7288d9dc892ed8822ed.jpg,0,0,1
18611_png.rf.26fb7ee332b2f8289a9b313085188d9b.jpg,0,0,1
htp_page-0016_jpg.rf.55cc7e5f37d521f9e07f21788c369a1d.jpg,1,1,1
12240_png.rf.57e07f91e48cd0ce14201bcfdc1ae92c.jpg,0,1,0
18623_png.rf.e589ba644834b7c2b0f11d9c74802150.jpg,0,0,1
htp_page-0034_jpg.rf.30f0cecb9ddfbcd9644f387abc97ec34.jpg,1,1,1
12083_png.rf.5c87d8d30462f9e13f644cc166542550.jpg,0,1,0
htp_page-0020_jpg.rf.b2e57963d2a5ff5af9f02662ad2a2efb.jpg,1,1,1
18617_png.rf.350edc85fa13b4c636a7ac2b34b9d296.jpg,0,0,1
8824_png.rf.634a01955513e884e6d4eae5255bec83.jpg,1,0,0
12164_png.rf.7cbcc20d4d3da23c0c289a583219e627.jpg,0,1,0
htp_page-0048_jpg.rf.441237e22a29bd1bb244fc7ca23210c8.jpg,1,1,1
18609_png.rf.04b8dc6fcd1ccd489e8b0178fc24d35a.jpg,0,0,1
12189_png.rf.b116c7749400ec16a098c5222c4261b5.jpg,0,1,0
no_t_jpg.rf.87a327a21762e03bd6c49cb544d15a86.jpg,1,1,0
8826_png.rf.02f50b50b2bf8526226d28f9f40a890c.jpg,1,0,0
no_h_jpg.rf.044abfbec621e22f38add876a65af9d8.jpg,0,1,1
12236_png.rf.96e51f28836e163ac5ffac7d0c21d74b.jpg,0,1,0
12228_png.rf.0dbe962a0f6515653e08adef47cb9f69.jpg,0,1,0
8878_png.rf.125f6709578bf476709be6ff1afc0df7.jpg,1,0,0
8853_png.rf.9b669a34bc6e9bc7d0f7f47d655b8b27.jpg,1,0,0
12229_png.rf.1a43e669b375835d8b95e0152d2e9cb2.jpg,0,1,0
18612_png.rf.efe342bd604b7d1ebd6f9efec574ab11.jpg,0,0,1
8805_png.rf.f365bb76c555fd9ab8def111982dc3f5.jpg,1,0,0
htp_page-0012_jpg.rf.ee34c2959c3f3f7585d5a6261ba7bfe4.jpg,1,1,1
18566_png.rf.a673fa3a6242a59deac296fe101cecd1.jpg,0,0,1
18582_png.rf.d6b5b9406aa2a38efb46b896e1e08f3a.jpg,0,0,1
18631_png.rf.3601272e1aebfc677dda94eb7fe3fc11.jpg,0,0,1
12174_png.rf.95212092a09744c103cd2680872e9668.jpg,0,1,0
12142_png.rf.2fa9ec2fe803ffc91bf94db9f00bf52e.jpg,0,1,0
18618_png.rf.a6d65abb09fba41f1e1a8bf16fc91a65.jpg,0,0,1
12097_png.rf.124bbfdfe563c894b7c9eefef002a1b8.jpg,0,1,0
12135_png.rf.16f9730092668919b4a10000a8161c80.jpg,0,1,0
18589_png.rf.591d8f4546af751740b0834089f5f5a0.jpg,0,0,1
18594_png.rf.24ca10cfe5c0bd981de99fded314be18.jpg,0,0,1
12128_png.rf.897b3451632f45f6002710c68ce090e5.jpg,0,1,0
12190_png.rf.3988a0bc934c63843179f3f33ebf3b75.jpg,0,1,0
8849_png.rf.bd300aedeae39362a13443f336a10e92.jpg,1,0,0
18630_png.rf.1c10fbc2fdf9391fe828a899cf4f55b0.jpg,0,0,1
htp_page-0043_jpg.rf.5eabe4b5ffdb07b9d4c9a6932b91b224.jpg,1,1,1
18628_png.rf.68a135db05b4ff23902f43d09529b263.jpg,0,0,1
htp_page-0047_jpg.rf.c065a61973fb6d6bd086d3ff12e8087b.jpg,1,1,1
12089_png.rf.1d15e5f2d6691a8b28bf4e638b2870b4.jpg,0,1,0
8861_png.rf.01df252f0ad2a558f30c0940d602d6ca.jpg,1,0,0
htp_page-0032_jpg.rf.b3da090613b940b16c3258bc98be6c48.jpg,1,1,1
8807_png.rf.14b2a1e14d704a1f29498efa4c796b57.jpg,1,0,0
12096_png.rf.53aa81a6826eaa90cf5062512de403db.jpg,0,1,0
18588_png.rf.577ce6c10307b03d3946f71b338d3c9a.jpg,0,0,1
8857_png.rf.335d3a891dfd6ea8631309b459039720.jpg,1,0,0
18597_png.rf.49010deb904ce69d4e66dfba46ba102a.jpg,0,0,1
12123_png.rf.661f68366c7dfe1c958d78988d6cd19f.jpg,0,1,0
8879_png.rf.b0ad1511d0d8784efe23da7c07a91c85.jpg,1,0,0
18632_png.rf.c5080466bb60424a1b9256dfa5fcc9f1.jpg,0,0,1
12202_png.rf.b5009698b8abccbe877ff3bdb80b478b.jpg,0,1,0
htp_page-0040_jpg.rf.b3f459cdd43c7bbe740f28017383227c.jpg,1,1,1
12218_png.rf.164e0effdf4a2e4486ebba4072d941b4.jpg,0,1,0
18606_png.rf.18c967812c24191d8014dad6a098ec76.jpg,0,0,1
12162_png.rf.2237827a679ef1cdeecaaecd4fa964a9.jpg,0,1,0
18572_png.rf.c42be5bdd4b05f2d54f74d32caaed12a.jpg,0,0,1
htp_page-0046_jpg.rf.185418ca67d1391e00c0d617597be129.jpg,1,1,1
8874_png.rf.16d30690e4d267fcf389b876b03e4735.jpg,1,0,0
htp_page-0049_jpg.rf.19d4c1cb725af3a922130c11b0ff836d.jpg,1,1,1
18571_png.rf.758521691f4f3ba0e929bbb08ce475da.jpg,0,0,1
12179_png.rf.59adcdfea4143240d8da9298dc77b181.jpg,0,1,0
12166_png.rf.5c1f6dad25529ace7a2a4f7d5832dac6.jpg,0,1,0
18591_png.rf.81ef16345aee95a06844d5e6d7936d45.jpg,0,0,1
18616_png.rf.b20cd51d63249943d8066b427ae1c7f1.jpg,0,0,1
12143_png.rf.9a7cc0ad385003df08b7c7f3c00c9316.jpg,0,1,0
8840_png.rf.287713d492810e7e6ee0eb33731aec84.jpg,1,0,0
12140_png.rf.3761606b9972f70ec4c042091d9045fc.jpg,0,1,0
8839_png.rf.cb887d2d0bc32770b53d314fb2861471.jpg,1,0,0
18583_png.rf.70581fbc157cd21569d8724824f2fd84.jpg,0,0,1
12209_png.rf.46bbc361c4aea5233673f02485680323.jpg,0,1,0
8860_png.rf.5eae62a4cd1dd910db6849cea2c71a87.jpg,1,0,0
8880_png.rf.1b2cb1d17d97c18e9d23b826b45334f8.jpg,1,0,0
12129_png.rf.f6e191e3b84be11bbbf07e9393f06e92.jpg,0,1,0
18620_png.rf.857b9fbf6e02f177e0a8529c52aa491c.jpg,0,0,1
12215_png.rf.dc7beb0d53c5d12b1d00e362e8b67412.jpg,0,1,0
htp_page-0008_jpg.rf.8339f4752331a08e986d9337e3cd584d.jpg,1,1,1
12213_png.rf.1317da4d56c21828bd720c83590b2a94.jpg,0,1,0
12149_png.rf.c19e66b198200b5e5ede5edd553c80e3.jpg,0,1,0
12223_png.rf.f873c560c64fa2194c3e1b0e9bf38f29.jpg,0,1,0
12227_png.rf.45a5e20e209bd1c7638fe3ff17679c43.jpg,0,1,0
18627_png.rf.82688d109bbfd89c6afe6afbe5ba38d6.jpg,0,0,1
18629_png.rf.7ec567490569921b764ce31cabc2a985.jpg,0,0,1
htp_page-0044_jpg.rf.b4d11fab3dd9d04296633b35adc34c87.jpg,1,1,1
12171_png.rf.e65e88ddec65fa08aeb32b840a32226f.jpg,0,1,0
8811_png.rf.bcd1238b9f5a4cdd041e57fe3fd28e07.jpg,1,0,0
12114_png.rf.5c5779f23243ac90ed065f36fac3aca6.jpg,0,1,0
12118_png.rf.614794007576843383dfc6d0ad737eff.jpg,0,1,0
12173_png.rf.3a22afb3cd82564177c80cb7d4fac515.jpg,0,1,0
18568_png.rf.2bd5a08e4641958ed0929613fcbc1c78.jpg,0,0,1
12146_png.rf.f5cd44fd2a5ffc363781afe6ca34ebde.jpg,0,1,0
12212_png.rf.eaee17ce0e8e6a79236770155e9a4aea.jpg,0,1,0
12169_png.rf.853d139c4c9c58014ae779fd39cd0291.jpg,0,1,0
18595_png.rf.2423875e85474d0582ecade20e8ecdd0.jpg,0,0,1